zip_code,coordinates
11724,"(40.86617859815864, -73.45060958966006)"
06606,"(41.20882687552453, -73.2071909352746)"
06824,"(41.16066668377455, -73.26348238224594)"
